scenario,lines,members,table_rows,operation,repetition,wall_ms,heap_before_bytes,heap_peak_bytes,heap_after_bytes
small,25,5,25,plan,1,68.808,16921768,282211496,282211496
small,25,5,25,plan,2,67.287,16868072,282157800,282157800
small,25,5,25,plan,3,64.759,16869112,282158840,282158840
small,25,5,25,plan,4,66.172,16869264,282158992,282158992
small,25,5,25,plan,5,62.735,16870208,282159936,282159936
small,25,5,25,plan,6,63.857,16870376,282160104,282160104
small,25,5,25,plan,7,62.978,16870728,282160456,282160456
small,25,5,25,plan,8,62.111,16870872,281112024,281112024
small,25,5,25,plan,9,59.694,16872136,281113288,281113288
small,25,5,25,plan,10,60.330,16872344,281113496,281113496
small,25,5,25,calculate,1,73.334,16885752,286369784,286369784
small,25,5,25,calculate,2,72.331,16885944,286369976,286369976
small,25,5,25,calculate,3,70.909,16887496,286371528,286371528
small,25,5,25,calculate,4,69.396,16887616,286371648,286371648
small,25,5,25,calculate,5,67.408,16891000,286375032,286375032
small,25,5,25,calculate,6,71.957,16891056,286375088,286375088
small,25,5,25,calculate,7,68.793,16891456,286375488,286375488
small,25,5,25,calculate,8,71.062,16891512,286375544,286375544
small,25,5,25,calculate,9,66.783,16893296,286377328,286377328
small,25,5,25,calculate,10,67.180,16894184,286378216,286378216
small,25,5,25,calculate-audit,1,74.657,16900984,293725048,293725048
small,25,5,25,calculate-audit,2,74.117,16903504,292678992,292678992
small,25,5,25,calculate-audit,3,73.679,16904256,292679744,292679744
small,25,5,25,calculate-audit,4,72.284,16905480,292680968,292680968
small,25,5,25,calculate-audit,5,72.538,16906416,292681904,292681904
small,25,5,25,calculate-audit,6,72.312,16906472,292681960,292681960
small,25,5,25,calculate-audit,7,70.382,16906528,292682016,292682016
small,25,5,25,calculate-audit,8,70.858,16906584,292682072,292682072
small,25,5,25,calculate-audit,9,69.873,16906640,292682128,292682128
small,25,5,25,calculate-audit,10,69.443,16906696,292682184,292682184
small,25,5,25,explain,1,63.766,16921472,286405504,286405504
small,25,5,25,explain,2,62.895,16922056,286406088,286406088
small,25,5,25,explain,3,62.493,16922272,286406304,286406304
small,25,5,25,explain,4,64.391,16922328,286406360,286406360
small,25,5,25,explain,5,63.315,16922648,286406680,286406680
small,25,5,25,explain,6,62.434,16923320,286407352,286407352
small,25,5,25,explain,7,64.097,16923800,286407832,286407832
small,25,5,25,explain,8,62.433,16923856,286407888,286407888
small,25,5,25,explain,9,61.685,16924016,286408048,286408048
small,25,5,25,explain,10,64.225,16926008,286410040,286410040
small,25,5,25,paper,1,4.140,16928992,17977568,17977568
small,25,5,25,paper,2,3.944,16929696,17978272,17978272
small,25,5,25,paper,3,3.835,16929752,17978328,17978328
small,25,5,25,paper,4,3.321,16930040,17978616,17978616
small,25,5,25,paper,5,3.124,16930096,17978672,17978672
small,25,5,25,paper,6,3.425,16930208,17978784,17978784
small,25,5,25,paper,7,2.647,16930320,17978896,17978896
small,25,5,25,paper,8,2.521,16930376,17978952,17978952
small,25,5,25,paper,9,3.405,16931688,17980264,17980264
small,25,5,25,paper,10,3.430,16931816,17980392,17980392
small,25,5,25,xlsx,1,61.202,16955816,53655976,53655976
small,25,5,25,xlsx,2,56.944,16957232,53657392,53657392
small,25,5,25,xlsx,3,54.721,16958096,53658256,53658256
small,25,5,25,xlsx,4,50.896,16959520,53659680,53659680
small,25,5,25,xlsx,5,54.236,16961768,53661928,53661928
small,25,5,25,xlsx,6,49.929,16963288,53663448,53663448
small,25,5,25,xlsx,7,50.843,16971688,53671848,53671848
small,25,5,25,xlsx,8,44.650,16977368,53677528,53677528
small,25,5,25,xlsx,9,43.712,16977816,53677976,53677976
small,25,5,25,xlsx,10,47.871,16979176,53679336,53679336
lines,250,5,25,plan,1,508.843,29274616,351703208,205951144
lines,250,5,25,plan,2,516.824,29275024,422780664,380837624
lines,250,5,25,plan,3,495.990,29275080,351703504,205951440
lines,250,5,25,plan,4,528.091,29275136,393588784,76918832
lines,250,5,25,plan,5,573.721,29275192,599029240,276067832
lines,250,5,25,plan,6,492.598,29275248,351630160,205878096
lines,250,5,25,plan,7,528.921,29275768,412270104,401784344
lines,250,5,25,plan,8,506.432,29276224,351679776,205927712
lines,250,5,25,plan,9,519.769,29276480,397558336,383926848
lines,250,5,25,plan,10,498.022,29276536,351705128,205953064
lines,250,5,25,calculate,1,552.577,29279184,351445544,317891112
lines,250,5,25,calculate,2,558.910,29279600,389275824,201580720
lines,250,5,25,calculate,3,554.167,29279736,351445392,317890960
lines,250,5,25,calculate,4,648.604,29279936,563152960,532744256
lines,250,5,25,calculate,5,546.073,29280944,351423456,317869024
lines,250,5,25,calculate,6,597.482,29281000,544498880,183788736
lines,250,5,25,calculate,7,592.530,29281056,351446976,317892544
lines,250,5,25,calculate,8,531.720,29281112,351492112,317937680
lines,250,5,25,calculate,9,536.677,29281272,389205520,201510416
lines,250,5,25,calculate,10,562.034,29281328,351447160,317892728
lines,250,5,25,calculate-audit,1,619.994,29286792,491902128,462542000
lines,250,5,25,calculate-audit,2,665.784,29287080,387081496,387081496
lines,250,5,25,calculate-audit,3,596.257,29287320,354345880,71230360
lines,250,5,25,calculate-audit,4,651.074,29287376,628284336,513989552
lines,250,5,25,calculate-audit,5,606.161,29287432,354345992,71230472
lines,250,5,25,calculate-audit,6,603.574,29287544,417172088,129862264
lines,250,5,25,calculate-audit,7,649.201,29288128,543849368,194673560
lines,250,5,25,calculate-audit,8,605.072,29288184,354346744,71231224
lines,250,5,25,calculate-audit,9,587.657,29288240,389335856,234146608
lines,250,5,25,calculate-audit,10,604.583,29288296,354372560,71257040
lines,250,5,25,explain,1,590.039,29290672,351433104,317878672
lines,250,5,25,explain,2,573.355,29291336,454042000,78651792
lines,250,5,25,explain,3,534.878,29291392,351457488,317903056
lines,250,5,25,explain,4,564.685,29291448,466848512,173247232
lines,250,5,25,explain,5,558.384,29291504,351456544,317902112
lines,250,5,25,explain,6,612.622,29291680,630351616,398616320
lines,250,5,25,explain,7,535.706,29291736,351411568,317857136
lines,250,5,25,explain,8,538.842,29291792,399855008,170216864
lines,250,5,25,explain,9,533.035,29291904,351388352,317833920
lines,250,5,25,explain,10,544.114,29292016,400983856,167151408
lines,250,5,25,paper,1,12.077,29293808,42925296,42925296
lines,250,5,25,paper,2,9.200,29293864,42925352,42925352
lines,250,5,25,paper,3,8.811,29294240,42925728,42925728
lines,250,5,25,paper,4,8.710,29294296,42925784,42925784
lines,250,5,25,paper,5,8.799,29294352,42925840,42925840
lines,250,5,25,paper,6,8.064,29294408,42925896,42925896
lines,250,5,25,paper,7,7.898,29294464,42925952,42925952
lines,250,5,25,paper,8,8.148,29294520,42926008,42926008
lines,250,5,25,paper,9,7.998,29294576,42926064,42926064
lines,250,5,25,paper,10,7.757,29296816,42928304,42928304
lines,250,5,25,xlsx,1,520.869,29309792,269433696,269433696
lines,250,5,25,xlsx,2,493.745,29309904,268385232,268385232
lines,250,5,25,xlsx,3,489.390,29310152,268385480,268385480
lines,250,5,25,xlsx,4,480.647,29310416,268385744,268385744
lines,250,5,25,xlsx,5,471.347,29310976,268386304,268386304
lines,250,5,25,xlsx,6,482.388,29311112,268386440,268386440
lines,250,5,25,xlsx,7,492.387,29311528,268386856,268386856
lines,250,5,25,xlsx,8,474.448,29312152,269436056,269436056
lines,250,5,25,xlsx,9,480.038,29313088,269436992,269436992
lines,250,5,25,xlsx,10,476.416,29313816,269437720,269437720
members,25,50,25,plan,1,54.107,22704800,286945952,286945952
members,25,50,25,plan,2,54.106,22704856,286946008,286946008
members,25,50,25,plan,3,53.112,22704912,286946064,286946064
members,25,50,25,plan,4,53.093,22704968,286946120,286946120
members,25,50,25,plan,5,54.552,22705024,286946176,286946176
members,25,50,25,plan,6,53.309,22705080,286946232,286946232
members,25,50,25,plan,7,51.700,22705136,286946288,286946288
members,25,50,25,plan,8,53.125,22705192,286946344,286946344
members,25,50,25,plan,9,52.284,22705248,286946400,286946400
members,25,50,25,plan,10,52.535,22705304,286946456,286946456
members,25,50,25,calculate,1,67.168,22705920,308967168,308967168
members,25,50,25,calculate,2,69.484,22705976,308967224,308967224
members,25,50,25,calculate,3,67.928,22706032,308967280,308967280
members,25,50,25,calculate,4,68.455,22706088,308967336,308967336
members,25,50,25,calculate,5,66.820,22706144,308967392,308967392
members,25,50,25,calculate,6,68.852,22706200,308967448,308967448
members,25,50,25,calculate,7,67.363,22706256,308967504,308967504
members,25,50,25,calculate,8,67.760,22706312,308967560,308967560
members,25,50,25,calculate,9,67.312,22706368,308967616,308967616
members,25,50,25,calculate,10,66.646,22706424,308967672,308967672
members,25,50,25,calculate-audit,1,98.103,22707088,345730112,68906048
members,25,50,25,calculate-audit,2,99.362,22707144,345668552,68844488
members,25,50,25,calculate-audit,3,105.146,22707200,345668608,68844544
members,25,50,25,calculate-audit,4,107.248,22707256,345655160,68831096
members,25,50,25,calculate-audit,5,106.540,22707312,345607120,68783056
members,25,50,25,calculate-audit,6,102.703,22707368,345648936,68824872
members,25,50,25,calculate-audit,7,111.319,22707424,345668832,68844768
members,25,50,25,calculate-audit,8,111.111,22707552,345648544,68824480
members,25,50,25,calculate-audit,9,106.677,22707608,345669016,68844952
members,25,50,25,calculate-audit,10,99.782,22707664,345652832,68828768
members,25,50,25,explain,1,66.586,22709200,308970448,308970448
members,25,50,25,explain,2,65.393,22709256,308970504,308970504
members,25,50,25,explain,3,65.340,22709312,308970560,308970560
members,25,50,25,explain,4,66.378,22709368,308970616,308970616
members,25,50,25,explain,5,67.799,22709424,308970672,308970672
members,25,50,25,explain,6,67.139,22709512,308970760,308970760
members,25,50,25,explain,7,68.255,22709568,308970816,308970816
members,25,50,25,explain,8,67.460,22709712,308970960,308970960
members,25,50,25,explain,9,66.637,22709768,308971016,308971016
members,25,50,25,explain,10,66.549,22709824,308971072,308971072
members,25,50,25,paper,1,6.173,22710480,33196240,33196240
members,25,50,25,paper,2,5.746,22710536,33196296,33196296
members,25,50,25,paper,3,7.116,22710592,33196352,33196352
members,25,50,25,paper,4,5.586,22710648,33196408,33196408
members,25,50,25,paper,5,5.740,22710704,33196464,33196464
members,25,50,25,paper,6,6.967,22710760,33196520,33196520
members,25,50,25,paper,7,5.759,22710816,33196576,33196576
members,25,50,25,paper,8,5.611,22710872,33196632,33196632
members,25,50,25,paper,9,5.639,22710928,33196688,33196688
members,25,50,25,paper,10,5.571,22710984,33196744,33196744
members,25,50,25,xlsx,1,448.801,22713608,234525960,234525960
members,25,50,25,xlsx,2,446.405,22713712,234526064,234526064
members,25,50,25,xlsx,3,447.862,22713768,234526120,234526120
members,25,50,25,xlsx,4,443.346,22713824,234526176,234526176
members,25,50,25,xlsx,5,442.349,22713880,234526232,234526232
members,25,50,25,xlsx,6,447.689,22714496,234526848,234526848
members,25,50,25,xlsx,7,439.656,22714552,234526904,234526904
members,25,50,25,xlsx,8,442.803,22714656,234527008,234527008
members,25,50,25,xlsx,9,447.184,22714712,234527064,234527064
members,25,50,25,xlsx,10,440.957,22714768,234527120,234527120
table-rows,25,5,1000,plan,1,53.983,20528264,286866568,286866568
table-rows,25,5,1000,plan,2,52.460,20528320,286866624,286866624
table-rows,25,5,1000,plan,3,52.862,20528376,286866680,286866680
table-rows,25,5,1000,plan,4,54.731,20528432,286866736,286866736
table-rows,25,5,1000,plan,5,53.741,20528488,286866792,286866792
table-rows,25,5,1000,plan,6,53.742,20528544,286866848,286866848
table-rows,25,5,1000,plan,7,57.649,20528600,286866904,286866904
table-rows,25,5,1000,plan,8,53.067,20528656,286866960,286866960
table-rows,25,5,1000,plan,9,53.917,20528712,286867016,286867016
table-rows,25,5,1000,plan,10,56.780,20528768,286867072,286867072
table-rows,25,5,1000,calculate,1,61.737,20529392,305742064,305742064
table-rows,25,5,1000,calculate,2,63.588,20529448,305742120,305742120
table-rows,25,5,1000,calculate,3,61.276,20529504,305742176,305742176
table-rows,25,5,1000,calculate,4,61.025,20529560,305742232,305742232
table-rows,25,5,1000,calculate,5,70.823,20529616,305742288,305742288
table-rows,25,5,1000,calculate,6,63.433,20529672,305742344,305742344
table-rows,25,5,1000,calculate,7,61.299,20529728,305742400,305742400
table-rows,25,5,1000,calculate,8,62.901,20529784,305742456,305742456
table-rows,25,5,1000,calculate,9,61.914,20529840,305742512,305742512
table-rows,25,5,1000,calculate,10,62.147,20529896,305742568,305742568
table-rows,25,5,1000,calculate-audit,1,69.439,20530984,312035112,312035112
table-rows,25,5,1000,calculate-audit,2,76.806,20531040,312035168,312035168
table-rows,25,5,1000,calculate-audit,3,67.588,20531192,312035320,312035320
table-rows,25,5,1000,calculate-audit,4,65.756,20531248,312035376,312035376
table-rows,25,5,1000,calculate-audit,5,71.451,20531304,312035432,312035432
table-rows,25,5,1000,calculate-audit,6,66.806,20531360,312035488,312035488
table-rows,25,5,1000,calculate-audit,7,66.993,20531416,312035544,312035544
table-rows,25,5,1000,calculate-audit,8,67.434,20531472,312035600,312035600
table-rows,25,5,1000,calculate-audit,9,66.127,20531528,312035656,312035656
table-rows,25,5,1000,calculate-audit,10,65.576,20531584,312035712,312035712
table-rows,25,5,1000,explain,1,62.235,20532408,305745080,305745080
table-rows,25,5,1000,explain,2,65.726,20532592,305745264,305745264
table-rows,25,5,1000,explain,3,65.203,20532648,305745320,305745320
table-rows,25,5,1000,explain,4,61.046,20532704,305745376,305745376
table-rows,25,5,1000,explain,5,70.195,20532760,305745432,305745432
table-rows,25,5,1000,explain,6,60.640,20532816,305745488,305745488
table-rows,25,5,1000,explain,7,61.502,20532872,305745544,305745544
table-rows,25,5,1000,explain,8,62.083,20532928,305745600,305745600
table-rows,25,5,1000,explain,9,62.882,20532984,305745656,305745656
table-rows,25,5,1000,explain,10,61.261,20533040,305745712,305745712
table-rows,25,5,1000,paper,1,1.061,20533824,21582400,21582400
table-rows,25,5,1000,paper,2,1.095,20533880,21582456,21582456
table-rows,25,5,1000,paper,3,1.069,20533936,21582512,21582512
table-rows,25,5,1000,paper,4,1.035,20533992,21582568,21582568
table-rows,25,5,1000,paper,5,1.094,20534048,21582624,21582624
table-rows,25,5,1000,paper,6,1.061,20534104,21582680,21582680
table-rows,25,5,1000,paper,7,1.077,20534160,21582736,21582736
table-rows,25,5,1000,paper,8,1.121,20534216,21582792,21582792
table-rows,25,5,1000,paper,9,1.146,20534272,21582848,21582848
table-rows,25,5,1000,paper,10,2.380,20534328,21582904,21582904
table-rows,25,5,1000,xlsx,1,317.071,20541256,357987624,61240616
table-rows,25,5,1000,xlsx,2,334.068,20541312,358696128,61949120
table-rows,25,5,1000,xlsx,3,363.647,20541368,357924952,61177944
table-rows,25,5,1000,xlsx,4,319.182,20542840,357929952,61182944
table-rows,25,5,1000,xlsx,5,328.874,20542984,357930976,61183968
table-rows,25,5,1000,xlsx,6,327.907,20543040,357406968,60659960
table-rows,25,5,1000,xlsx,7,319.801,20543360,357931624,61184616
table-rows,25,5,1000,xlsx,8,318.116,20543416,358709176,61962168
table-rows,25,5,1000,xlsx,9,316.927,20543472,358184944,61437936
table-rows,25,5,1000,xlsx,10,321.546,20543704,358185176,61438168
combined,250,50,1000,plan,1,487.996,81499664,404210896,263701712
combined,250,50,1000,plan,2,515.974,81499720,512102936,363205144
combined,250,50,1000,plan,3,486.797,81499776,404217008,262659248
combined,250,50,1000,plan,4,542.391,81499832,576096824,234261048
combined,250,50,1000,plan,5,486.331,81499888,404183792,262626032
combined,250,50,1000,plan,6,510.106,81499944,520701592,345589400
combined,250,50,1000,plan,7,492.892,81500000,404152512,262594752
combined,250,50,1000,plan,8,508.781,81500056,523640736,339091360
combined,250,50,1000,plan,9,487.861,81500112,404181328,263672144
combined,250,50,1000,plan,10,508.008,81500168,517300128,351625120
combined,250,50,1000,calculate,1,780.338,81502352,592446944,492832224
combined,250,50,1000,calculate,2,742.517,81502408,430554984,258588520
combined,250,50,1000,calculate,3,750.520,81502464,650808576,294292736
combined,250,50,1000,calculate,4,711.146,81502520,430561464,259643576
combined,250,50,1000,calculate,5,769.407,81502576,590061936,342598000
combined,250,50,1000,calculate,6,795.880,81502632,612606376,229876136
combined,250,50,1000,calculate,7,760.331,81502688,650335680,186865088
combined,250,50,1000,calculate,8,762.916,81502744,429629976,259760664
combined,250,50,1000,calculate,9,730.777,81502800,557977168,164761168
combined,250,50,1000,calculate,10,716.869,81502856,430164808,260295496
combined,250,50,1000,calculate-audit,1,826.094,81505296,441237232,201113328
combined,250,50,1000,calculate-audit,2,988.731,81505352,558197576,221604680
combined,250,50,1000,calculate-audit,3,891.926,81505408,507496784,309315920
combined,250,50,1000,calculate-audit,4,855.191,81505464,441308328,200135848
combined,250,50,1000,calculate-audit,5,925.534,81505520,569617648,199470320
combined,250,50,1000,calculate-audit,6,874.412,81505576,547507368,262294696
combined,250,50,1000,calculate-audit,7,838.797,81505632,440784688,198563632
combined,250,50,1000,calculate-audit,8,891.876,81505688,568044952,473673112
combined,250,50,1000,calculate-audit,9,856.237,81505744,442215888,199994832
combined,250,50,1000,calculate-audit,10,852.835,81505800,518761992,307998216
combined,250,50,1000,explain,1,722.186,81507520,430062656,261241920
combined,250,50,1000,explain,2,798.835,81507576,789737784,740171000
combined,250,50,1000,explain,3,745.786,81507632,612553488,307417872
combined,250,50,1000,explain,4,798.385,81507688,599277608,363348008
combined,250,50,1000,explain,5,716.462,81507744,430406336,259488448
combined,250,50,1000,explain,6,719.217,81507800,517501656,245920472
combined,250,50,1000,explain,7,709.610,81507856,430683664,259765776
combined,250,50,1000,explain,8,770.189,81507912,686536264,226211400
combined,250,50,1000,explain,9,733.456,81507968,430270720,262498560
combined,250,50,1000,explain,10,754.580,81508024,720344728,559912600
combined,250,50,1000,paper,1,50.652,81508768,179026336,179026336
combined,250,50,1000,paper,2,50.994,81508824,179026392,179026392
combined,250,50,1000,paper,3,50.864,81508880,179026448,179026448
combined,250,50,1000,paper,4,50.633,81508936,179026504,179026504
combined,250,50,1000,paper,5,51.324,81508992,179026560,179026560
combined,250,50,1000,paper,6,50.774,81509048,179026616,179026616
combined,250,50,1000,paper,7,50.542,81509104,179026672,179026672
combined,250,50,1000,paper,8,51.307,81509160,179026728,179026728
combined,250,50,1000,paper,9,50.673,81509216,179026784,179026784
combined,250,50,1000,paper,10,52.030,81509272,179026840,179026840
combined,250,50,1000,xlsx,1,47252.801,81511480,599374928,376028240
combined,250,50,1000,xlsx,2,47627.847,81511536,601996904,378125928
combined,250,50,1000,xlsx,3,46077.828,81512080,599375840,379699168
combined,250,50,1000,xlsx,4,46211.032,81512464,583779104,377733920
combined,250,50,1000,xlsx,5,45120.324,81512520,583779680,378258784
combined,250,50,1000,xlsx,6,44230.751,81512576,600556472,377734072
combined,250,50,1000,xlsx,7,45583.779,81512632,601600280,379826456
combined,250,50,1000,xlsx,8,46338.976,81512752,584299272,377729800
combined,250,50,1000,xlsx,9,46377.348,81512808,600294808,376948120
combined,250,50,1000,xlsx,10,44989.856,81512864,601606384,378259696
