case,facts_relative_path,year_or_scale
rate-300,../fixtures/trade/rate-300.json,2025
rate-400,../fixtures/trade/rate-400.json,2025
rate-450,../fixtures/trade/rate-450.json,2025
financing-threshold-199999,../fixtures/trade/financing-threshold-199999.json,2025
financing-threshold-200000,../fixtures/trade/financing-threshold-200000.json,2025
financing-threshold-200001,../fixtures/trade/financing-threshold-200001.json,2025
allowance-24499_99,../fixtures/trade/allowance-24499_99.json,2025
allowance-24500,../fixtures/trade/allowance-24500.json,2025
allowance-24599_99,../fixtures/trade/allowance-24599_99.json,2025
allowance-24600,../fixtures/trade/allowance-24600.json,2025
mixed-positive-income,../fixtures/trade/mixed-positive-income.json,2025
mixed-fractional-cap-intermediate-only,../fixtures/trade/mixed-fractional-cap-intermediate-only.json,2025
negative-other-income,../fixtures/trade/negative-other-income.json,2025
no-positive-trade-income,../fixtures/trade/no-positive-trade-income.json,2025
all-positive-income-zero,../fixtures/trade/all-positive-income-zero.json,2025
negative-expense,../fixtures/trade/negative-expense.json,2025
missing-category,../fixtures/trade/missing-category.json,2025
unsupported-entity,../fixtures/trade/unsupported-entity.json,2025
historical-minimum-rate,../fixtures/trade/historical-minimum-rate.json,2025
below-historical-minimum,../fixtures/trade/below-historical-minimum.json,2025
