operation,samples,median_ms,p95_ms,min_ms,max_ms,max_heap_increase_bytes,max_heap_peak_bytes
calculate,10,134.029,144.959,118.739,144.959,173015040,231544616
calculate-audit,10,190.358,213.672,170.548,213.672,340787200,399341280
explain,10,101.314,104.859,97.171,104.859,166723584,225280432
paper-matrix,10,44.196,57.751,42.130,57.751,94371840,152929600
paper-transpose,10,18.538,18.730,18.084,18.730,35651584,94211752
xlsx-matrix,10,23224.216,23671.607,22850.678,23671.607,443527016,502101536
xlsx-transpose,10,13358.734,14978.414,13018.293,14978.414,423973960,482564272
session-recalc,10,36.429,42.617,16.165,42.617,18874368,76167168
session-repeat,10,10.641,11.385,10.166,11.385,17825792,75114224
