scenario,lines,members,table_rows,operation,samples,median_ms,p95_ms,min_ms,max_ms,max_heap_increase_bytes,max_heap_peak_bytes
small,25,5,25,plan,10,56.311,61.858,55.089,61.858,260046848,272441040
small,25,5,25,calculate,10,63.728,90.026,62.216,90.026,264241152,276665248
small,25,5,25,calculate-audit,10,65.227,69.608,63.519,69.608,270532608,282986504
small,25,5,25,explain,10,58.024,63.044,57.013,63.044,263192576,275658840
small,25,5,25,paper,10,1.973,2.333,1.682,2.333,1048576,13518496
small,25,5,25,xlsx,10,45.273,63.833,42.500,63.833,32505856,44995496
lines,250,5,25,plan,10,457.600,480.322,446.691,480.322,360272568,384771760
lines,250,5,25,calculate,10,487.902,508.047,481.510,508.047,360198896,384702600
lines,250,5,25,calculate-audit,10,532.328,537.138,527.168,537.138,360197488,384704992
lines,250,5,25,explain,10,476.763,506.553,473.104,506.553,433999488,458511608
lines,250,5,25,paper,10,5.365,6.235,5.019,6.235,10485760,35000776
lines,250,5,25,xlsx,10,405.047,407.283,397.411,407.283,204472320,229005216
members,25,50,25,plan,10,46.931,49.498,46.257,49.498,258998272,276987352
members,25,50,25,calculate,10,56.319,57.551,54.740,57.551,274726912,292717112
members,25,50,25,calculate-audit,10,86.047,88.542,84.209,88.542,323194368,341185232
members,25,50,25,explain,10,55.489,59.172,54.154,59.172,274726912,292719888
members,25,50,25,paper,10,4.143,4.518,4.065,4.518,8388608,26382744
members,25,50,25,xlsx,10,395.251,521.841,381.886,521.841,180355072,198353568
table-rows,25,5,1000,plan,10,47.574,51.542,46.920,51.542,260046848,276040904
table-rows,25,5,1000,calculate,10,53.277,54.396,52.731,54.396,278921216,294916432
table-rows,25,5,1000,calculate-audit,10,58.422,65.490,57.339,65.490,286261248,302258240
table-rows,25,5,1000,explain,10,53.771,55.380,52.461,55.380,278921216,294919760
table-rows,25,5,1000,paper,10,0.789,0.899,0.705,0.899,1048576,17048408
table-rows,25,5,1000,xlsx,10,270.185,289.262,265.809,289.262,298844160,314851648
combined,250,50,1000,plan,10,449.414,470.405,432.589,470.405,431375936,507319472
combined,250,50,1000,calculate,10,622.965,629.540,597.556,629.540,443023360,518969400
combined,250,50,1000,calculate-audit,10,762.680,771.188,743.247,771.188,434601680,510550880
combined,250,50,1000,explain,10,643.855,713.432,612.028,713.432,499414688,575365336
combined,250,50,1000,paper,10,38.245,40.071,37.653,40.071,79691776,155643784
combined,250,50,1000,xlsx,10,46047.663,127299.156,38321.171,127299.156,546301520,622257776
