operation,repetition,wall_ms,heap_before_bytes,heap_peak_bytes,heap_after_bytes,evaluated_tasks,reused_tasks,invalidated_tasks,full_rebuild,formula_evaluations,execution_sessions
calculate,1,75.132,52992136,184064136,184064136,,,,,,
calculate,2,74.619,53003552,184075552,184075552,,,,,,
calculate,3,74.957,53003704,184075704,184075704,,,,,,
calculate,4,69.934,53003848,184075848,184075848,,,,,,
calculate,5,73.029,53004000,184076000,184076000,,,,,,
calculate,6,73.814,53004144,184076144,184076144,,,,,,
calculate,7,78.085,53004304,184076304,184076304,,,,,,
calculate,8,76.640,53004448,184076448,184076448,,,,,,
calculate,9,73.480,53004592,184076592,184076592,,,,,,
calculate,10,74.020,53004752,184076752,184076752,,,,,,
calculate-audit,1,146.326,53017320,345570024,345570024,,,,,,
calculate-audit,2,141.629,53017840,344521968,344521968,,,,,,
calculate-audit,3,137.687,53019048,344523176,344523176,,,,,,
calculate-audit,4,132.871,53020344,343475896,343475896,,,,,,
calculate-audit,5,129.666,53020872,343476424,343476424,,,,,,
calculate-audit,6,125.237,53021176,343476728,343476728,,,,,,
calculate-audit,7,126.013,53022208,343477760,343477760,,,,,,
calculate-audit,8,125.169,53022408,343477960,343477960,,,,,,
calculate-audit,9,125.607,53022656,343478208,343478208,,,,,,
calculate-audit,10,125.369,53022896,343478448,343478448,,,,,,
explain,1,70.607,53023000,184095000,184095000,,,,,,
explain,2,73.539,53023144,184095144,184095144,,,,,,
explain,3,72.756,53023288,184095288,184095288,,,,,,
explain,4,71.408,53023432,184095432,184095432,,,,,,
explain,5,71.427,53023664,184095664,184095664,,,,,,
explain,6,67.953,53023808,184095808,184095808,,,,,,
explain,7,68.787,53023952,184095952,184095952,,,,,,
explain,8,70.225,53024096,184096096,184096096,,,,,,
explain,9,69.420,53024296,184096296,184096296,,,,,,
explain,10,68.770,53024440,184096440,184096440,,,,,,
paper-matrix,1,55.885,53024208,111744464,111744464,,,,,,
paper-matrix,2,55.618,53024352,111744608,111744608,,,,,,
paper-matrix,3,53.216,53024496,111744752,111744752,,,,,,
paper-matrix,4,48.151,53024640,111744896,111744896,,,,,,
paper-matrix,5,47.698,53024784,111745040,111745040,,,,,,
paper-matrix,6,43.282,53024928,111745184,111745184,,,,,,
paper-matrix,7,32.971,53025072,110696752,110696752,,,,,,
paper-matrix,8,32.774,53025216,110696896,110696896,,,,,,
paper-matrix,9,32.441,53025360,110697040,110697040,,,,,,
paper-matrix,10,32.584,53025504,110697184,110697184,,,,,,
paper-transpose,1,15.952,53025288,80288264,80288264,,,,,,
paper-transpose,2,15.620,53025440,80288416,80288416,,,,,,
paper-transpose,3,15.272,53025680,80288656,80288656,,,,,,
paper-transpose,4,15.427,53025832,80288808,80288808,,,,,,
paper-transpose,5,15.977,53025984,80288960,80288960,,,,,,
paper-transpose,6,15.543,53026136,80289112,80289112,,,,,,
paper-transpose,7,15.583,53026288,80289264,80289264,,,,,,
paper-transpose,8,15.970,53026440,80289416,80289416,,,,,,
paper-transpose,9,15.570,53026592,80289568,80289568,,,,,,
paper-transpose,10,15.660,53026744,80289720,80289720,,,,,,
xlsx-matrix,1,21724.495,53043296,480401312,150624160,,,,,,
xlsx-matrix,2,21545.566,53043960,479616840,151944504,,,,,,
xlsx-matrix,3,21104.900,53045600,480023904,150246752,,,,,,
xlsx-matrix,4,21130.331,53046376,481133672,152929384,,,,,,
xlsx-matrix,5,20690.276,53046704,479810384,146894256,,,,,,
xlsx-matrix,6,21258.644,53046920,481079432,152350856,,,,,,
xlsx-matrix,7,21708.996,53048736,479096856,150643936,,,,,,
xlsx-matrix,8,21313.011,53048888,480877112,151624248,,,,,,
xlsx-matrix,9,21432.268,53050472,480289960,152085672,,,,,,
xlsx-matrix,10,21484.707,53051416,480606920,150835736,,,,,,
xlsx-transpose,1,12085.702,53055264,479728832,157816000,,,,,,
xlsx-transpose,2,12153.374,53055472,637482456,265237976,,,,,,
xlsx-transpose,3,12257.888,53055768,477047352,155134520,,,,,,
xlsx-transpose,4,12386.855,53056040,637754392,261315608,,,,,,
xlsx-transpose,5,12609.591,53058168,478255736,156342904,,,,,,
xlsx-transpose,6,12532.671,53058664,638164072,259628136,,,,,,
xlsx-transpose,7,12545.222,53058984,477732264,154770856,,,,,,
xlsx-transpose,8,12510.169,53059424,638118432,260631072,,,,,,
xlsx-transpose,9,12483.178,53059664,478623808,157759552,,,,,,
xlsx-transpose,10,12632.493,53060416,637972608,261533824,,,,,,
session-recalc,1,25.184,51813592,65445080,65445080,41,12161,41,false,10,2
session-recalc,2,24.865,51813760,65445248,65445248,41,12161,41,false,10,2
session-recalc,3,17.883,51813968,64396880,64396880,41,12161,41,false,10,2
session-recalc,4,16.831,51814176,64397088,64397088,41,12161,41,false,10,2
session-recalc,5,16.370,51814384,64397296,64397296,41,12161,41,false,10,2
session-recalc,6,16.624,51814592,64397504,64397504,41,12161,41,false,10,2
session-recalc,7,17.177,51814800,64397712,64397712,41,12161,41,false,10,2
session-recalc,8,15.580,51815008,64397920,64397920,41,12161,41,false,10,2
session-recalc,9,16.206,51815216,64398128,64398128,41,12161,41,false,10,2
session-recalc,10,15.796,51815424,64398336,64398336,41,12161,41,false,10,2
session-repeat,1,15.398,51798480,64381392,64381392,0,12202,0,false,0,2
session-repeat,2,15.341,51798640,64381552,64381552,0,12202,0,false,0,2
session-repeat,3,14.762,51798840,64381752,64381752,0,12202,0,false,0,2
session-repeat,4,14.898,51799040,64381952,64381952,0,12202,0,false,0,2
session-repeat,5,15.249,51799240,64382152,64382152,0,12202,0,false,0,2
session-repeat,6,14.757,51799440,64382352,64382352,0,12202,0,false,0,2
session-repeat,7,15.563,51799640,64382552,64382552,0,12202,0,false,0,2
session-repeat,8,14.564,51799840,64382752,64382752,0,12202,0,false,0,2
session-repeat,9,14.610,51800040,64382952,64382952,0,12202,0,false,0,2
session-repeat,10,14.438,51800240,64383152,64383152,0,12202,0,false,0,2
